"IC50, mM","CC50, mM",SI,lg_IC50,lg_CC50,lg_SI
38.4105035267826,57.61575529017389,1.5,3.6740323677500726,4.071003522053225,0.9162907318741551
1101.434802402596,1101.434802402596,1.0,7.005276469429621,7.005276469429621,0.6931471805599453
167.6381354176076,797.011737326185,4.754358161648177,5.127755208707478,6.682123305770444,1.7499575088731225
111.8033771418751,566.5711679486914,5.067567567567568,4.72564627781681,6.341366147569862,1.8029577945380846
60.70504262314915,120.3299243455305,1.98220640569395,4.122365655661722,4.798513482520609,1.0926634311483372
1.431506015904032,60.83900567592136,42.5,0.8885108250120591,4.124534325170619,3.7727609380946383
99.99745132021613,99.99745132021613,1.0,4.61509528206956,4.61509528206956,0.6931471805599453
1170.827658071491,1170.827658071491,1.0,7.066319909897075,7.066319909897075,0.6931471805599453
5.258590502869844,99.99847753604433,19.01621308627678,1.8339550004738823,4.615105442827096,2.9965425994650907
20.50077809771416,39.13784909563613,1.909090909090909,3.06808912507011,3.6923197568710795,1.067840630001356
288.0752502653737,352.8921815750828,1.225,5.666687035760128,5.868992294920557,0.7997569156182036
7.599131353802765,36.29917734453761,4.776753507014027,2.1516611927863045,3.6189712713003224,1.7538418478974835
16.79768307819611,100.7988288087585,6.00075786282683,2.879068284679666,4.622998599224687,1.9460184093130786
83.0460848890254,682.5705607317157,8.219178082191782,4.431365278032354,6.527329885263957,2.221285888496337
9.673684768939358,72.08455424596748,7.451612903225807,2.36778134486739,4.2916170482047455,2.1343572992759507
180.3146351680116,832.2213930831306,4.615384615384616,5.200233837988839,6.725299384865085,1.7255100836868544
106.985817246827,172.6037851582142,1.613333333333333,4.68199989671212,5.156775605895312,0.9606265456942067
9.99955384031945,100.0011153992014,10.00055772448411,2.3978547120048335,4.615131560336729,2.397945973738884
30.80085624001903,100.299004451089,3.256370656370656,3.4594932152104008,4.618076583477707,1.4484168385598564
198.5296771787128,433.1556592990098,2.181818181818182,5.2959629830546096,6.073403131775858,1.1574527886910433
942.2199329767554,942.2199329767554,1.0,6.849299482350953,6.849299482350953,0.6931471805599453
6.299867312529169,99.99984071131952,15.87332490518331,1.987856171623286,4.6151189397243675,2.8257339669534836
13.82438929480254,2560.0720916301,185.1851851851852,2.6962737497555205,7.848181235600321,5.226741797688246
40.09883420713134,299.9944494063388,7.481375838926174,3.715979756309909,5.707091824068345,2.137872681799878
223.8087777802645,161.1423200017905,0.72,5.415250164322453,5.088474468090415,0.5423242908253617
966.7377756008275,966.7377756008275,1.0,6.874961157604096,6.874961157604096,0.6931471805599453
27.79876824049458,115.1103924324705,4.140845070422535,3.3603326167999907,4.754541397466728,1.637217476541176
100.0011153992014,68.00031231177638,0.6799955384529585,4.615131560336729,4.234111030844645,0.5187911377288783
1.612239198717118,9.788595135068217,6.07142857142857,0.9602077840655073,2.3784895701507773,1.9560625205193312
6.125124033761684,590.4619568546264,96.4,1.9636271342504463,6.382597364958889,4.578826210648489
31.99867435309303,34.99882261623394,1.093758517307168,3.4964673895412064,3.5834862328166737,0.738960784550568
26.21614839838059,561.7746085367269,21.42857142857143,3.3038104882540353,6.3328792079053455,3.1103356562929947
50.8652852483768,690.4789852720833,13.57466063348416,3.9486496886927647,6.538832760580962,2.679284447813446
5.244584966022582,27.47163553630876,5.238095238095238,1.8317146827658006,3.3489083473500676,1.8306748854777286
1936.355855733744,1936.355855733744,1.0,7.569079361419257,7.569079361419257,0.6931471805599453
12.88701311253584,148.4691302340067,11.52083333333333,2.630954094947793,5.0070898847803695,2.5273939236273164
34.99871012124861,2130.007493581318,60.85959985959985,3.583483107848885,7.664350148554808,4.124867298752328
529.6369716871208,3934.44607539004,7.428571428571428,6.274078118294489,8.277779515389797,2.131627294850406
10.07599744741398,265.9452659605326,26.39393939393939,2.4047803748476904,5.587043640983115,3.3103217989256963
1.705624296116444,107.8556540191281,63.23529411764706,0.9953326790584517,4.690022729548165,4.162552812248634
35.02909166062415,51.14247382451126,1.46,3.584326713801746,3.953979853189414,0.9001613499442714
300.8493883702726,876.2603544765221,2.912621359223301,5.7099281789699585,6.776803817729684,1.3642075737170472
0.03088601687062877,50.00102953389569,1618.888888888889,0.030418643026491943,3.9318458194597032,7.390112838768602
597.8965997620372,1674.110479333704,2.8,6.39508896178233,7.423634399895213,1.33500106673234
3.930879416343024,1965.439708171512,500.0000000000001,1.5955173527436342,7.583979931941651,6.216606101084865
41.23385999541515,446.5761010333771,10.83032490974729,3.7432222688751957,6.103846581431802,2.470666142511476
1228.556568887214,1228.556568887214,1.0,7.114408870266167,7.114408870266167,0.6931471805599453
83.61924357525479,2533.916471977418,30.3030303030303,4.438161706174383,7.837915965572135,3.4437149076531584
55.09414211533959,1033.015164662617,18.75,4.027031388455249,6.941204720978834,2.9831534913471307
3.537791474708722,1965.439708171512,555.5555555555555,1.5124404343782782,7.583979931941651,6.321766996021397
351.2403611163808,836.9508207697716,2.382843526608419,5.8643137866467825,6.730959412327714,1.2187166358788661
16.00125474932221,0.7009951570517231,0.04380876175235047,2.833287150116141,0.5312134662913431,0.042876294283103376
688.8586301357282,688.8586301357282,1.0,6.536486692738476,6.536486692738476,0.6931471805599453
814.4228863690041,814.4228863690041,1.0,6.7037068576500864,6.7037068576500864,0.6931471805599453
9.110683415139677,1138.83542689246,125.0,2.313592628684407,7.038639168592256,4.836281906951478
575.6779454392762,1015.902256657546,1.764705882352941,6.357283957197668,6.924516281948476,1.0169342576538425
99.99745132021613,99.99745132021613,1.0,4.61509528206956,4.61509528206956,0.6931471805599453
49.00034799788956,305.2951807905165,6.230469644902635,3.9120299653617168,5.724549280089478,1.978303991862201
15.03791057255341,30.07582114510681,2.0,2.7749553303968137,3.436430061668948,1.0986122886681098
312.1455847007044,780.363961751761,2.5,5.7466682092415065,6.6610410614547195,1.252762968495368
320.9945544217944,566.4609783914019,1.764705882352942,5.774534633667845,6.341171986447658,1.0169342576538427
61.40146007398311,1883.48037036758,30.67484662576687,4.133588673723163,7.541407396291878,3.4555228840728867
10.22310216627535,93.71176985752403,9.166666666666666,2.4179743472872888,4.550838278187514,2.3191143949452564
8.230701063680936,62.82768478609779,7.633333333333331,2.222535000525343,4.156187027046574,2.155630680037382
25.79955983989498,25.79955983989498,1.0,3.2883854634974217,3.2883854634974217,0.6931471805599453
28.10017018513431,111.597920673034,3.971432199085831,3.370744022446748,4.723823249043377,1.603707967426022
147.71855120214,590.8742048085599,4.0,5.002055601583462,6.383294120426975,1.6094379124341003
99.99891437297802,84.9991676859498,0.8500009046990065,4.615109768001095,4.454337618136324,0.6151861281166039
98.06281368956878,249.6144348461751,2.545454545454545,4.5957541306489835,5.523915641945045,1.2656663733312759
25.66922436160387,40.26544997898647,1.568627450980392,3.283510254966506,3.7200255876013677,0.9433716904768257
19.65500297411229,2586.184601856881,131.5789473684211,3.0279575648386614,7.858325537141897,4.88717829718617
24.60187789966791,2000.008189706358,81.29494007989346,3.2426657042509146,7.601406427382133,4.410309624382193
717.6690110521027,1495.143773025214,2.083333333333333,6.577400905487326,7.3106462588800145,1.126011262856224
71.98514461668645,561.1903110933515,7.795918367346938,4.290255922038226,6.331840424409574,2.1742877919931214
6.400846618646093,400.9063598812003,62.63333333333334,2.001594401591184,5.996219125866402,4.153137442063592
23.40756876570457,1433.116455043137,61.22448979591837,3.194893279514297,7.26830422779467,4.130748648877629
478.2227064983807,908.0177971488241,1.89873417721519,6.172165429857236,6.812364672807405,1.0642741510872182
18.56402047646485,639.7581773634539,34.4622641509434,2.9736921893165573,6.462652127337468,3.568469149452111
41.00207464251456,363.0066700872243,8.853373231773666,3.73771901331376,5.897172191884302,2.287813856636474
5.93202492636874,5.93202492636874,1.0,1.93615196768774,1.93615196768774,0.6931471805599453
135.9518686529527,822.2895281428591,6.048387096774193,4.91962954039842,6.713307934853708,1.9527988100504985
12.18579271966584,551.7456148070921,45.27777777777777,2.579139940839495,6.314897886295126,3.8346618842706777
23.04560469106087,204.0816326530613,8.855555555555556,3.179952222721205,5.323408107938333,2.2880353119793146
4.912207928303596,272.9004404613109,55.55555555555556,1.7770193535794605,5.612764684377673,4.035223439214303
891.7530676305527,891.7530676305527,1.0,6.794310022627212,6.794310022627212,0.6931471805599453
45.33835485746233,834.4482489103497,18.40490797546012,3.8359700168086985,6.727968405854174,2.9655260224988864
42.07516397352782,422.1588358547942,10.03344481605351,3.762946589105014,6.04774760703906,2.400931097837895
63.63029372656664,856.0129200883405,13.45291479820628,4.168683244004793,6.753452994433194,2.670896110355319
2.999592332235689,119.9987363803615,40.00501504513541,1.3861924389849285,4.795780102404703,3.713694377398084
186.6970169435891,186.6970169435891,1.0,5.2348290507841755,5.2348290507841755,0.6931471805599453
18.99088706295833,35.16819082432549,1.851845609303893,2.9952765228633367,3.588180026032508,1.0479663669015709
167.1855182751066,720.6272339444253,4.310344827586207,5.125067645586679,6.581508709090043,1.6696567724271552
1.728674210600922,8.470503631944519,4.900000000000001,1.00381585409444,2.248182087615406,1.774952350911674
32.40022878528897,991.8437383251727,30.61224489795918,3.5085627498181458,6.900573288444933,3.453544542306242
26.96952443738575,599.322765275239,22.22222222222222,3.331115504473175,6.397467452702549,3.1451096746285914
27.80031248122108,376.0929331170002,13.52837071061875,3.3603862371254376,5.9324916640118115,2.6761033385087947
6.629721039419719,452.0264345058899,68.18181818181819,2.032051283608299,6.115950478098124,4.236738085063315
28.77308680552558,23.59393118053097,0.82,3.3936048581148057,3.202499712524456,0.598836501088704
10.13593740045062,35.91017821873933,3.542857142857143,2.410177482208683,3.608487345497856,1.5135561407308178
90.56181255351379,262.62925640519,2.9,4.517014291235229,5.5745437843497365,1.3609765531356006
20.11997697036482,153.3761321356272,7.623076923076924,3.0502193684191337,5.03939204102743,2.1544419726165778
123.4600232703438,154.8862110118858,1.254545454545454,4.823984566111517,5.049126324505347,0.8129483803725657
111.703806833359,323.7791502416202,2.898550724637682,4.724763198943387,5.783145413621241,1.36060487500458
74.79922477681112,299.9953165457518,4.010674140552789,4.328088065377177,5.707094704979158,1.6115704650370968
6.299480139988447,500.0,79.37162891046387,1.9878031319183167,6.2166061010848646,4.386661239662191
100.5412470466009,306.985940982288,3.053333333333334,4.620465090777307,5.730054135770354,1.3995395878699115
9.999631463213888,1.101515505161563,0.1101556101556102,2.397861768892929,0.742658753575984,0.10450019482801558
83.19812511267354,499.9887326482784,6.009615384615384,4.43317265392998,6.216583611107972,1.9472828328672853
976.2860127502954,976.2860127502954,1.0,6.884779355107198,6.884779355107198,0.6931471805599453
36.8226098115849,1093.740885492621,29.7029702970297,3.632907066972843,6.998272979994985,3.4243594022591894
38.7531749589123,627.9881966233378,16.20481927710843,3.682689711090832,6.444112491219661,2.8451895351029317
1184.712470283462,1184.712470283462,1.0,7.078099113641967,7.078099113641967,0.6931471805599453
7.837942696800944,41.93299342788504,5.35,2.179054122958285,3.7596406079184366,1.8484548129046001
186.6191218565444,430.6595119766411,2.307692307692308,5.234413960250568,6.067637110756681,1.1962507582320259
561.7746085367269,561.7746085367269,1.0,6.3328792079053455,6.3328792079053455,0.6931471805599453
35.66810825270854,980.8729769494851,27.5,3.6019073923344136,6.889461948612586,3.349904087274605
5.841940458942843,5.841940458942843,1.0,1.923071384229159,1.923071384229159,0.6931471805599453
1033.171699360811,1033.171699360811,1.0,6.941356094823448,6.941356094823448,0.6931471805599453
17.62511382886015,652.7819936614869,37.03703703703704,2.9245108758635996,6.482773952860813,3.638560343924229
25.1717880610585,1878.491646347649,74.62686567164178,3.264682039047855,7.538756618380176,4.325811586084944
315.8795717624042,1018.966360523885,3.225806451612903,5.758521801893928,6.927524925855924,1.4412101187160054
886.3912353634646,886.3912353634646,1.0,6.788285962136359,6.788285962136359,0.6931471805599453
79.44685727492465,204.3950964436698,2.572727272727272,4.387596808348757,5.324935424004376,1.2733292460768448
10.99783612554934,61.99946460838335,5.637423935091277,2.4847263106569883,4.143126228075793,1.8927239266291385
7.588558477431627,10.876933817652,1.433333333333333,2.150430907877914,2.4745981844647145,0.8892620594862356
24.85707183693761,45.57129836771895,1.833333333333333,3.2525841355689686,3.8409844365223105,1.041453874828161
25.10358335011048,745.650990597341,29.70297029702971,3.2620725980124927,6.615597861224879,3.42435940225919
1440.493224880199,1440.493224880199,1.0,7.273434817018989,7.273434817018989,0.6931471805599453
287.2240772110542,727.8519229325578,2.534090909090909,5.663738223486879,6.591470587826973,1.2624560977010277
16.0126798712472,814.2040612498574,50.84745762711864,2.83395894080911,6.703438463802211,3.9483059002451837
12.45029220835813,48.55613961259671,3.899999999999999,2.5990008313403377,3.9031061605188095,1.5892352051165806
2.901272339797016,100.000703338749,34.46787878787879,1.3613027409041796,4.615127480567002,3.568627464005402
794.7644015881222,1054.996993258569,1.327433628318584,6.679303164129909,6.962240616969131,0.8447662134654239
6.239373566893883,175.4823815688905,28.125,1.979534678744531,5.17322105025146,3.371596911885865
5.889819153102904,21.20334895117045,3.6,1.9300448369456618,3.1002431311572916,1.5260563034950492
11.30352217751051,28.03273500022607,2.48,2.509885577281511,3.3684239864897947,1.247032293786383
256.3892873482938,663.0757431421391,2.586206896551724,5.550589675602447,6.49839621396803,1.2770950691548986
2.499627846970674,16.20106187664368,6.481389578163773,1.2526566334050424,2.8449711189279236,2.012418547214603
760.8284915053498,760.8284915053498,1.0,6.635721453588437,6.635721453588437,0.6931471805599453
30.21125218087476,566.4609783914019,18.75,3.440778676620912,6.341171986447658,2.9831534913471307
13.51214403945546,57.4266121676857,4.25,2.674985818864831,4.067771473842862,1.6582280766035324
11.33936839718028,22.04877188340609,1.944444444444444,2.5127948337945796,3.1376124874768254,1.079920155655957
5.027995158758947,459.7024145151038,91.42857142857144,1.796414477638337,6.132752312898625,4.5264361454455875
199.6605770190676,623.0786972491592,3.120689655172414,5.301614809099171,6.436276477803772,1.4160205413850915
33.62805303919996,258.1599764086274,7.676923076923077,3.5446641350376944,5.5574455405516066,2.160666981602422
6.029920465349061,99.89568237594946,16.56666666666667,1.9501753921524663,4.614087135323576,2.866003166879207
5.998491343291672,100.0004516936253,16.67093373493976,1.9456946034401221,4.615124989045371,2.871921127886216
23.96634794178657,652.3805194912524,27.22068965517241,3.2175288357570184,6.482159684659547,3.3400553846509426
173.7967168281742,499.9930234342843,2.876884169961664,5.163623680597527,6.216592175707038,1.3550317820396687
53.06687212063083,1737.448702023617,32.74074074074074,3.9902216530176506,7.460748443979855,3.518706031255629
30.25025604681011,94.20794026006578,3.114285714285714,3.4420275696467675,4.556063344412353,1.4144652380865868
2.620004039406656,100.0005610287022,38.16809421841542,1.2864751416952493,4.615126071565458,3.6678624923816425
59.45571000027026,80.89579936400406,1.36060606060606,4.101911030834317,4.405447699726856,0.8589183914102221
97.64656352426945,117.4844658203964,1.203160270880361,4.591543396831657,4.774781861858887,0.7898928163679568
8.37055239666852,1847.500493264695,220.7142857142858,2.237572048265937,7.522130045222577,5.401389551687851
10.05412470466009,28.82182415335891,2.866666666666667,2.402803634753271,3.395240479610486,1.3523928094442095
28.76750422722493,319.6389358580548,11.11111111111111,3.393417336351243,5.7703156796449715,2.4941233048929243
21.64559701974306,188.3546688033782,8.701754385964913,3.1199654409681328,5.243621811046086,2.2723067336877847
45.39882871021928,1134.970717755482,25.0,3.837274215599352,7.035242822325178,3.258096538021482
314.1251066062081,314.1251066062081,1.0,5.752969723806188,5.752969723806188,0.6931471805599453
1254.18584525855,1254.18584525855,1.0,7.135038924473904,7.135038924473904,0.6931471805599453
818.7013213839327,409.077760251505,0.4996666666666666,6.708940031691275,6.0163468008653425,0.4052428611909255
314.4418294709395,725.6349910867835,2.307692307692308,5.753974289295577,6.588424275917397,1.1962507582320259
30.77737934193668,1152.362342802746,37.44186046511628,3.4587546952142256,7.05043673178648,3.6491469821274616
1472.457162890573,2191.156492396687,1.488095238095238,7.2953667300826615,7.692641038036318,0.9115174531214973
99.9990355031298,99.9990355031298,1.0,4.615110967321701,4.615110967321701,0.6931471805599453
234.2111713281952,4538.976188530915,19.37984496124031,5.460483712040205,8.420677046204661,3.014546420368209
34.65027239917114,1132.137613042225,32.67326732673268,3.57375678776158,7.0327457126482456,3.516704268165936
75.83371952357166,902.7823752806149,11.9047619047619,4.34164360009312,6.806588596101727,2.5575963831562776
26.09773602140014,411.0393423370522,15.75,3.2994501827501064,6.02111883589989,2.8183982582710754
358.9951163045823,1134.863381363274,3.161222339304531,5.886090465537534,7.035148329164494,1.4258088626767216
311.1852423510667,569.4689935024521,1.83,5.743596737108429,6.346458818136179,1.0402767116551463
28.88181971968131,2062.987122834379,71.42857142857142,3.3972502593366465,7.632394887645159,4.28260085453587
18.90816681541091,14.5592884478664,0.7700000000000001,2.9911300402765977,2.7446577881330487,0.5709795465857379
172.264101539352,80.79186362195608,0.469,5.154817028924221,4.404177771937306,0.38458189719174024
7.773148436042535,24.67974628443505,3.175,2.171695742647764,3.245702598883353,1.4291143583028187
6.984914912094846,6.984914912094846,1.0,2.077554125642116,2.077554125642116,0.6931471805599453
12.51539592355676,595.9712344550836,47.61904761904762,2.603829474420054,6.391868928739418,3.8840153804412427
54.46970322639596,13.3494527198829,0.2450803277630815,4.015836983888706,2.663711803491104,0.21920004812695817
4.415145988500243,99.8502246630055,22.61538461538462,1.6891998401080512,4.61363649209239,3.1618983901256605
123.0321841008864,1198.365429554088,9.740259740259742,4.820541081128667,7.089547887202531,2.3739992731700075
0.00960267338427018,0.9986780319640987,104.0,0.00955686076512334,0.6924859779957496,4.653960350157523
15.28554702744894,56.26382203720567,3.680851063829787,2.7902780290420797,4.047669046258393,1.5434799446423029
33.92117472797102,126.2621503763366,3.722222222222222,3.5530933709545693,4.846249135165708,1.5522794985941515
6.199365507841834,40.40173476375257,6.517075773745998,1.9739928982280133,3.723322782459484,2.0171772024619394
433.4235874215376,764.8651542733016,1.764705882352941,6.074020065998123,6.641006115436242,1.0169342576538425
151.9789834777134,879.3069758353416,5.785714285714286,5.030300549066528,6.780270682819584,1.9148195619852821
32.00035074216067,32.99899161628807,1.031207185264119,3.496518189960321,3.5263308658318757,0.7086302888499475
147.8984743977439,314.3997825422174,2.125781106414262,5.003264693819771,5.753840985062046,1.139684206007619
6.919457514530861,92.25943352707813,13.33333333333333,2.069322707840358,4.535385217236466,2.6625878270254524
15.07848611999355,1344.065055868391,89.13793103448276,2.777482112552165,7.204197659541596,4.501341064197693
25.27217334720981,596.9804727687358,23.62204724409449,3.268510331421583,6.393558099184587,3.20364227099925
73.66333570087411,879.0374188648464,11.93317422434368,4.3129891510428155,6.779964428005567,2.5597956556439767
5.93202492636874,195.7568225701684,33.0,1.93615196768774,5.281968563037692,3.5263605246161616
46.58518345980803,875.6613432294741,18.79699248120301,3.8625214409294633,6.776120764123447,2.9855300312745556
11.76843989715097,23.18026040347918,1.96969696969697,2.546976493211622,3.1855366145033135,1.0884599172040916
196.4517786441805,453.3502584096473,2.307692307692308,5.28549439576593,6.118868394886979,1.1962507582320259
2.003252806537348,70.00145450698825,34.94389438943895,1.099695970118985,4.262700362845399,3.5819592335663177
982.6746105972958,1734.057293290381,1.764630198633477,6.89129516207817,7.458795713905127,1.016906882316782
1400.218964282481,1371.956657145287,0.9798157946306093,7.24509782554696,7.224721837276456,0.6830038073637608
22.27648545602536,514.0727412928929,23.07692307692308,3.147443643082573,6.244308135918486,3.1812538330786166
32.21111402734366,894.7531674262127,27.77777777777778,3.5028845797626116,6.797664892239333,3.3596034843633182
214.0018343014368,745.650990597341,3.484320557491289,5.370646559725858,6.615597861224879,1.5005869918365056
0.0320089112809006,128.0900602727799,4001.7,0.03150730198420291,4.860510302423613,8.294724412391991
167.5372031142209,591.3077756972503,3.529411764705882,5.127156515417268,6.384026391167794,1.5105920777974677
499.9930234342843,499.9930234342843,1.0,6.216592175707038,6.216592175707038,0.6931471805599453
22.13483410648268,212.4002166388019,9.595744680851066,3.141339451660363,5.363169354044278,2.3604524753145943
39.53184709560717,575.0086850270134,14.54545454545454,3.702088013142539,6.356122738754115,2.7437682837042887
28.95831161459962,30.6958103114756,1.06,3.3998068024081523,3.456184505318007,0.7227059828014898
1208.668570991148,1208.668570991148,1.0,7.098101692799286,7.098101692799286,0.6931471805599453
23.4013479233489,499.9946482662166,21.36606189967983,3.194638373533532,6.2165954189244506,3.1075447161815206
756.7215794292805,756.7215794292805,1.0,6.630316008707677,6.630316008707677,0.6931471805599453
41.8215445850113,607.8545187097332,14.53448275862069,3.7570413540899383,6.411579353638103,2.7430622470619186
9.608516989459456,304.2697046662161,31.66666666666666,2.361657168064728,5.721195663458464,3.486355190002462
302.7275009475617,738.3597584086871,2.439024390243902,5.71613092095684,6.605784620364555,1.2351878236738603
69.6205679049182,166.7001796729563,2.394409937888198,4.2573214321688155,5.122177740223678,1.22212994263213
1076.690511772534,861.3524094180272,0.7999999999999998,6.982575615418659,6.759664014747569,0.587786664902119
933.7126281520582,933.7126281520582,1.0,6.840239132477136,6.840239132477136,0.6931471805599453
83.16637054398366,436.1872580978164,5.244755244755245,4.4327954417518125,6.080361611545146,1.8317419506165917
751.9682769649559,751.9682769649559,1.0,6.624023098047847,6.624023098047847,0.6931471805599453
9.87960235935585,9.87960235935585,1.0,2.386889692906585,2.386889692906585,0.6931471805599453
13.46742837283055,58.64847839781046,4.35483870967742,2.671899803551963,4.088468639380522,1.6780005838713972
75.2314657642512,814.7812176633704,10.83032490974729,4.333774313996502,6.704146203406077,2.470666142511476
122.5667820098419,422.1588358547942,3.444316877152698,4.816781754937091,6.04774760703906,1.4916261737251453
972.42210898907,972.42210898907,1.0,6.880817810300516,6.880817810300516,0.6931471805599453
83.61924357525479,2533.916471977418,30.3030303030303,4.438161706174383,7.837915965572135,3.4437149076531584
5.262268260868178,797.313372858815,151.5151515151515,1.8345424614737227,6.6825012181822645,5.02726394530988
812.2047297388762,812.2047297388762,1.0,6.7009828979434705,6.7009828979434705,0.6931471805599453
1884.576001809193,1884.576001809193,1.0,7.541988624456286,7.541988624456286,0.6931471805599453
342.333344073203,604.1176660115347,1.764705882352941,5.838701823836745,6.405422928395518,1.0169342576538425
7.107371054520643,22.38821882174003,3.15,2.092773654604236,3.152232426424095,1.423108334242607
9.665041865739683,6.765529306017778,0.7,2.366971277442068,2.0496946198947086,0.5306282510621704
584.1076004080965,584.1076004080965,1.0,6.3717957626399135,6.3717957626399135,0.6931471805599453
33.48564226983948,87.97591469076008,2.627272727272727,3.5405430713245636,4.488365711655413,1.2884810510974471
208.3685902860044,634.6251480792013,3.045685279187818,5.344096288551344,6.454608999769092,1.3976509500522267
29.78130014645393,162.9212302129538,5.470588235294117,3.4269073674944117,5.099386008861937,1.8672670217362
84.57126047948226,612.8352208658135,7.246376811594203,4.449349484711589,6.419726522204105,2.1097739295290716
0.1490256260661674,6.601518158931074,44.29787234042553,0.1389143015475616,2.0283479850974504,3.813260063183421
316.2639572277966,998.7282859825157,3.157894736842106,5.75973410004063,6.907483528043711,1.4250088733005812
9.173797595445718,103.7148783707336,11.30555555555556,2.3198155519079786,4.651241212563119,2.510050831589026
8.299910695137527,299.9971191979847,36.14462013112225,2.23000479743972,5.707100693932261,3.6148189459024596
30.99897509570154,33.9992291318097,1.096785588131402,3.465703874027484,3.5553260364414268,0.7404054997353166
23.75014843842774,323.50159085046,13.62103448275862,3.208831486508946,5.782290438598876,2.6824612098730247
32.50041053150145,1026.328753626362,31.57894736842105,3.511557693427618,6.934717269343185,3.483666293518156
291.5975496662792,979.6110291140398,3.35946248600224,5.678798114204682,6.888175876465772,1.4723487667339568
657.05396712759,985.5809506913849,1.5,6.489286944873345,6.894245380576934,0.9162907318741551
6.160385640141072,28.23510085064659,4.583333333333334,1.9685638398770358,3.3753700712760906,1.7197859696029658
9.247956201679429,35.75876397982712,3.866666666666666,2.327078290744495,3.6043766728696043,1.5824092400461809
1337.333446263713,1337.333446263713,1.0,7.199180422094104,7.199180422094104,0.6931471805599453
1.698796253251699,49.99950544505,29.43231441048034,0.9928058414685906,3.9318159355214255,3.415505017884279
49.99955739547894,4.198841556433552,0.08397757450575392,3.9318169541666466,1.6484358231598317,0.08063721507814126
6.148971494091562,117.9155710043441,19.17647058823529,1.966968499378746,4.778413753947811,3.0045171031097238
14.33390350416161,2388.983917360268,166.6666666666667,2.7300662921836563,7.779041915764952,5.12197788143163
545.462174296144,1258.758863760332,2.307692307692307,6.303465090758479,7.138675603662433,1.1962507582320254
257.435385269113,930.4893443461917,3.614457831325302,5.554645702428983,6.836784750734338,1.5291943813840483
0.01715133480263101,2.798526128629294,163.1666666666667,0.017005911111704592,1.3346131306078233,5.1008821719440345
0.4716088924756945,1.664501973443628,3.529411764705882,0.38635628695630175,0.9800171633975586,1.5105920777974677
7.02300798485473,458.0222598818303,65.21739130434784,2.082313412016534,6.129098705359205,4.192943136966012
31.01034815317871,78.45618082754214,2.53,3.4660592303105875,4.375205685143018,1.2612978709452054
6.764008261108756,6.764008261108756,1.0,2.049498729333601,2.049498729333601,0.6931471805599453
9.462976105985334,311.8050626922167,32.95,2.3478429407286483,5.745580193617598,3.5248888540047054
979.4351271143556,979.4351271143556,1.0,6.8879964803821085,6.8879964803821085,0.6931471805599453
30.99970038949366,48.00009987016879,1.548405283505155,3.465726539927572,3.8918223362752595,0.9354677845217241
13.66586949094636,72.50502979918764,5.305555555555556,2.6855229908829585,4.2973538365193935,1.8414310790252928
61.54000279076757,1724.551240997091,28.02325581395349,4.135806396653416,7.453301838415353,3.3680974332358105
18.53497845308755,2106.247551487221,113.6363636363636,2.9722066255162822,7.653137896929934,4.741765063166548
8.272911533029598,886.3833785388856,107.1428571428572,2.227097411497545,6.788277108252021,4.683453104382136
1126.692856016164,1126.692856016164,1.0,7.027929104214331,7.027929104214331,0.6931471805599453
33.22143247494689,498.3214871242033,15.0,3.5328521283403034,6.213250151077308,2.772588722239781
19.48924501400149,140.1857974691335,7.19298245614035,3.019900115012733,4.95007673550396,2.1032779898343468
23.91940118576445,815.3326550854242,34.08666666666667,3.2156466641668344,6.7048219374369475,3.5578211912575233
321.3975505949796,499.9937958332817,1.555686391846111,5.7757854131935,6.216593717441884,0.9383208340917663
679.8565404169786,3284.331113125501,4.830917874396135,6.523351623776891,8.097222721311184,1.7631744278321624
131.9539744537105,336.0427882754495,2.546666666666667,4.890003011591284,5.820209890468993,1.2660081952453888
36.11933829372246,157.0406012770542,4.347826086956522,3.61413808162017,5.0628519701237416,1.6766901394432678
499.9821590697342,499.9821590697342,1.0,6.216570489811538,6.216570489811538,0.6931471805599453
499.9911427609786,499.9911427609786,1.0,6.216588421808784,6.216588421808784,0.6931471805599453
51.20718554494306,954.1711592225414,18.63354037267081,3.9552201395328175,6.861890548738768,2.977239347231155
36.8226098115849,1093.740885492621,29.7029702970297,3.632907066972843,6.998272979994985,3.4243594022591894
72.1981980009415,99.99890522535937,1.385060957117729,4.293170803190774,4.615109677429635,0.869224682553619
5.191050628716093,195.6626775439143,37.69230769230769,1.8231048022965974,5.281489964350927,3.6556408126382025
43.52245819713544,72.43597937705059,1.664335664335664,3.7959937404521007,4.296413997769043,0.9799547448667935
26.11624017777371,174.1082678518247,6.666666666666666,3.3001328169484965,5.165404456062998,2.03688192726104
345.7154400133462,602.9920465349062,1.744186046511628,5.84850438591726,6.40356102985955,1.0094845087721023
24.23020634443722,390.1063221454394,16.1,3.2280419411544896,5.968979446666457,2.8390784635086144
9.341074749031595,283.1513283300202,30.3125,2.3361238045909474,5.649506942481527,3.4440173788450834
98.51569683436229,212.465519506108,2.156666666666667,4.6003153888514685,5.363475318483614,1.1495166185298773
0.3796118089641533,189.8059044820766,499.9999999999999,0.32180216174538856,5.251256704458204,6.2166061010848646
1238.635519112146,1238.635519112146,1.0,7.122572679191489,7.122572679191489,0.6931471805599453
0.2212599171855739,13.5000158042798,61.01428571428571,0.19988304486231318,2.674149739376266,4.1273647732502345
7.096858982783546,10.51386515967933,1.481481481481482,2.0914762065690575,2.4435519751966237,0.9088557533866373
3.398257236172267,70.00145450698825,20.59922178988327,1.4812083797746276,4.262700362845399,3.0726572857949415
1646.106753898501,3284.331113125501,1.995211492418197,7.406775545258944,8.097222721311184,1.097014844238953
29.86716969268254,314.3912599229742,10.52631578947368,3.429693149590409,5.753813963057389,2.44463275065006
8.406981998549796,56.04654665699864,6.666666666666667,2.2414521793651274,4.04386754260915,2.03688192726104
13.2415838699853,441.38612899951,33.33333333333334,2.6561661266233956,6.0921830957371705,3.5361166995615263
106.6007163568139,152.7943601114333,1.433333333333333,4.678427305296729,5.035616386122406,0.8892620594862356
0.1793513810056337,100.000703338749,557.5686274509803,0.16496461023585532,4.615127480567002,6.325377489117883
0.04121985401830161,7.800064683463228,189.2307692307692,0.04039296235668647,2.1747590718506955,5.2482379100598795
47.30695313654955,985.5615236781157,20.83333333333333,3.877575507576131,6.894225689131919,3.083437853973096
8.757272915156038,7.00581833212483,0.7999999999999999,2.278012946950782,2.08016856884713,0.5877866649021191
972.4189569834267,972.4189569834267,1.0,6.8808145722286485,6.8808145722286485,0.6931471805599453
28.16843701025331,33.54604771221076,1.190909090909091,3.37308720034784,3.542293150391275,0.7843165676982388
0.1594867535719015,99.99819448958222,627.0,0.1479774533893748,4.615102640340706,6.4425401664681985
0.2989317958486642,99.99904596235368,334.5212765957447,0.2615422311896695,4.615111070879356,5.815685371973937
41.17521551482121,77.48426919607263,1.881818181818182,3.7418327384325196,4.362898212300403,1.0584214080848644
441.7702617930572,733.3386345764749,1.66,6.093051039123577,6.598970277231836,0.9783261227936076
119.6405314774238,25.6406750460616,0.2143142857142857,4.792815309732566,3.2824391849180237,0.1941795435759099
39.64783041624169,907.9655820513364,22.90076335877863,3.7049454622752904,6.812307229930754,3.1739103981252543
101.5785303618227,101.9171254630288,1.003333333333333,4.630628655106912,4.633924057204501,0.6948124598790063
17.82584152826881,408.5088683561603,22.91666666666667,2.9352304753837037,6.014958559606025,3.174575565971621
25.17063593611693,1258.531796805846,49.99999999999999,3.264638016442336,7.138495341052282,3.9318256327243257
110.1406152517157,110.1406152517157,1.0,4.7107962036625795,4.7107962036625795,0.6931471805599453
98.51569683436229,662.0254827269146,6.72,4.6003153888514685,6.496813424932781,2.0438143640366846
5.0973858542584,70.00145450698825,13.73281452658885,1.807860130843892,4.262700362845399,2.6900772866680924
6.375822879640403,74.38460026247137,11.66666666666667,1.9982074729020378,4.322603013603191,2.538973871058276
39.10946906815449,707.2989086793897,18.08510638297872,3.6916124427996757,6.562866191997963,2.948908260348737
99.99836684032597,99.99836684032597,1.0,4.615104346812762,4.615104346812762,0.6931471805599453
83.3193041126066,1426.700412887099,17.12328767123288,4.434610831825014,7.263820325992512,2.8971977229665646
24.72219228794381,148.6501049108416,6.012820512820513,3.2473541324377475,5.008299935339836,1.9477399757323894
70.13821223023979,557.1104832212084,7.943037974683543,4.264624635901471,6.32455694138649,2.1908753496575604
100.0004516936253,100.0004516936253,1.0,4.615124989045371,4.615124989045371,0.6931471805599453
49.51169094802511,160.5003981565147,3.241666666666666,3.9222048134097056,5.084507608025088,1.4449562737684765
37.20828188164209,444.7205005773955,11.95219123505976,3.6430522952984634,6.099692075254135,2.5612649811721213
892.4095413157173,1066.624949779742,1.195219123505976,6.795045088641287,6.97319178722708,0.7862818700211305
42.99872424130064,282.9984728602761,6.581555100847706,3.7841606389820175,5.6489688608941995,2.0257183370353493
198.3418620334008,1983.418620334008,10.0,5.295021250487962,7.593081263740061,2.3978952727983707
87.10295569362987,88.42269744656366,1.015151515151515,4.478506081682772,4.4933745363826505,0.7006943861953281
12.35496542426588,297.9726955264124,24.11764705882353,2.591888257585595,5.700352249911167,3.2235706691724086
96.60983951011832,462.478281153,4.787072243346008,4.5809783029904425,6.138759525554193,1.7556265062438665
59.45571000027026,79.0941111821777,1.33030303030303,4.101911030834317,4.383202333046836,0.845998315045118
2.546606843283915,78.76103639022418,30.92783505154639,1.2659913276079942,4.3790351194285435,3.4634782014698198
615.0840313331042,1085.44240823489,1.764705882352941,6.423383368731701,6.990663791604871,1.0169342576538425
99.99966258507075,55.99906873479524,0.5599925768465094,4.615117176093805,4.043034929715035,0.4446810628183996
97.74062765121452,153.8437479230117,1.574,4.592496489415887,5.042416530550915,0.945461109173935
517.0593940777086,1069.778056712501,2.068965517241379,6.250089896068161,6.976140819012337,1.1213405397456657
15.30199117160121,48.88136068705941,3.194444444444445,2.7912872581190094,3.9096473996510603,1.4337608983588144
64.28249467300442,768.3166693984592,11.95219123505976,4.178723924892045,6.645502678497988,2.5612649811721213
43.11129559638506,436.9388067201188,10.13513513513513,3.7867158856280327,6.082079189931339,2.4101054367053014
3.491108147548195,10.47332444264458,3.0,1.502099474766048,2.4400247272147433,1.3862943611198906
1731.961619730507,981.4449178472871,0.5666666666666667,7.45758714274821,6.890044278912054,0.4489502200479032
7.678791629213737,799.9494103139722,104.1764705882353,2.160882305756975,6.685797786913963,4.655639611677244
48.50872065525579,109.3871650776018,2.255,3.9021488289113297,4.7039938687294125,1.1801922756605325
1.952188124002989,172.9080909831219,88.57142857142857,1.082546632350995,5.158526946920356,4.4950363915776075
122.1003320925928,2151.607844100749,17.62163793681669,4.8129997309332575,7.674435336835799,2.924324234511601
1175.387388093326,1175.387388093326,1.0,7.070203485858453,7.070203485858453,0.6931471805599453
931.9899244332495,931.9899244332495,1.0,6.83839440168212,6.83839440168212,0.6931471805599453
1170.00414454178,1170.00414454178,1.0,7.065616902909797,7.065616902909797,0.6931471805599453
41.47316788440763,1418.279938763076,34.19753086419752,3.7488725326525993,7.257904936605921,3.5609759342402327
14.20193480476517,304.5061903727591,21.44117647058824,2.7214227095387553,5.721970041492311,3.110897506668296
8.69450970693706,579.6339804624706,66.66666666666666,2.27155971567132,6.3641205763375694,4.214593690373677
5.806914292848496,728.7677437524861,125.5,1.9179389033550343,6.592726324275877,4.840242308167575
280.2116298334317,875.6613432294741,3.125,5.639107516952675,6.776120764123447,1.4170660197866443
551.2920052905305,1170.471348812167,2.123142250530786,6.314076901500057,7.06601580080897,1.1388396265850198
4.701922242262324,99.9990355031298,21.26769230769231,1.7408033534740177,4.615110967321701,3.1031368525363905
23.70340574843503,196.091811191599,8.272727272727275,3.206941118680756,5.283669666829837,2.227077540485901
803.3687731453829,64.84973633462464,0.0807222517259692,6.690057837087027,4.187375424151276,0.07762956921954295
373.3827194210221,1066.807769774349,2.857142857142857,5.925278588145675,6.9733630124718555,1.349926716949016
8.929339162758701,992.148795862078,111.1111111111111,2.2954939262714324,6.900880497595073,4.719490443017389
59.39367252581832,1510.442534061759,25.43103448275862,4.10088433994679,7.3208197943513875,3.274538868325395
99.99953117894431,99.99953117894431,1.0,4.615115875037856,4.615115875037856,0.6931471805599453
28.93001906706633,199.9991273653852,6.913204132418369,3.3988619589197446,5.303300566583906,2.068532773390029
564.3892931588492,564.3892931588492,1.0,6.337514508325411,6.337514508325411,0.6931471805599453
502.9620874363663,2884.846830081444,5.735714285714286,6.222501041901408,7.967573664495519,1.907423860024153
194.1121311122924,447.9510717975978,2.307692307692308,5.273574424641665,6.106913910306874,1.1962507582320259
30.99988272889853,33.99945762115571,1.096760846435749,3.4657322380710904,3.555332564830933,0.7403936998442033
168.1520094165125,509.0419921427152,3.027272727272728,5.1307977746507625,6.234493059863558,1.3930894042527193
149.7572684274239,158.9091014979887,1.061111111111111,5.015671049552274,5.074605538157421,0.7232452117172247
274.6252202415521,918.6984667578804,3.345280764635603,5.619042045263112,6.824045862796118,1.4690903744975137
263.216104220679,1597.71765905647,6.069984447900467,5.576767344888699,7.3769571237949165,1.9558582801748692
101.8966360523885,219.7570784196511,2.156666666666667,4.633724950880832,5.397062904291171,1.1495166185298773
5.75298333278543,138.8934547486768,24.14285714285714,1.9099843824696279,4.940881095363798,3.2245738459828384
2.999234987020386,0.8002227820225151,0.2668089647812167,1.386103089583753,0.5879104250338042,0.23650111237124588
3.584100928282141,2288.70444991731,638.5714285714286,1.5225939966836126,7.736178027047695,6.460798309185652
28.0056281190003,796.3046067571169,28.43373493975903,3.367489884225708,6.681236797438725,3.382141463461142
499.995374553259,499.995374553259,1.0,6.216596868613621,6.216596868613621,0.6931471805599453
339.7373830029387,360.1216259831151,1.06,5.831112042753744,5.889214815670728,0.7227059828014898
10.7213694762611,536.0684738130551,50.00000000000001,2.461413626832827,6.286125598136087,3.9318256327243257
597.3160598377955,1095.079443035958,1.833333333333333,6.394119142485668,6.999494949402944,1.041453874828161
31.53238168451967,214.9725875426378,6.817518248175185,3.4822359528226836,5.375151490105645,2.056367144619624
22.69034934061845,122.0740794525272,5.379999999999999,3.165067764394532,4.8127864460512075,1.8531680973566984
64.13053539079958,283.6288627077631,4.422680412371134,4.176393492865373,5.651186095509253,1.690590234234327
29.99889438964166,2130.007493581318,71.00286650286651,3.4339515389988713,7.664350148554808,4.27670593076337
0.2496383914476824,46.89897721682563,187.8676470588235,0.22285422262084564,3.8690941517217965,5.241046489636949
43.99919740877691,2130.007493581318,48.410144253141,3.806644654250755,7.664350148554808,3.900155752366471
35.66155755418774,47.78648712261157,1.34,3.6017287279844226,3.887453371289152,0.8501509293696101
862.3621435164943,299.7012097361901,0.3475352112676057,6.760834236337205,5.706117113053202,0.2982771542704506
319.3626682460603,870.9890952165279,2.727272727272727,5.769453692319724,6.7707769183451525,1.3156767939059373
5.301196303299112,70.68261737732148,13.33333333333333,1.840739504783332,4.272248282750606,2.6625878270254524
5.621180608532952,19.54029449632884,3.476190476190477,1.8902736937058362,3.0223885420962087,1.498772344546581
643.150073394773,1134.970717755482,1.764705882352941,6.467931732178027,7.035242822325178,1.0169342576538425
1.29996750081248,99.99819448958222,76.92361111111111,0.832894992753743,4.615102640340706,4.355729002088865
10.14157084709526,25.76507188180959,2.54054054054054,2.410683234171795,3.28709774950621,1.2642794105569268
60.99673397067186,0.700807912518016,0.01148926945588554,4.127081705765173,0.5311033808278011,0.011423769023554754
13.99898649871503,299.9945705288305,21.42973497091144,2.707982632067143,5.707092226475989,3.1103875326313437
86.87946343243384,159.2790162927954,1.833333333333334,4.47596614181313,5.076916148319583,1.0414538748281612
56.20447850509312,300.859267291969,5.352941176470588,4.046632190864402,5.709960906417559,1.8489178830680035
66.89429308062157,696.8155529231412,10.41666666666667,4.217951982146064,6.547954817015525,2.4350742760401247
235.5600337681436,816.9712153808448,3.468208092485549,5.466202018290845,6.706827146962627,1.4969874540896428
68.99859459700627,326.0033015816361,4.724781765276431,4.248475164662185,5.78997026742621,1.7448044291113627
40.3930663212363,1160.72029658725,28.73563218390805,3.7231133866415256,7.0576571998200635,3.3923460635314453
52.61335479838292,2248.43396574286,42.73504273504274,3.9817981937286326,7.718433892768278,3.7781496740073357
22.12217419119538,180.5647731281352,8.162162162162163,3.1407920787943135,5.2016124667785855,2.215082194736226
113.4781819282213,794.3472734975488,6.999999999999999,4.740384253991946,6.678778841284868,2.0794415416798357
7.501771023999935,100.0004094853179,13.33024017467249,2.1402744975579213,4.615124571143119,2.662372001969865
90.00063494234236,250.0036631288982,2.777798882075216,4.510866483880886,5.525467533164327,1.3291415336960128
7.71597496166125,1562.484929736403,202.5,2.1651575443913784,7.354672538051572,5.31566600488265
6.687876790201305,2388.527425071895,357.1428571428572,2.03964464529104,7.778850895278942,5.880931949102981
67.43368410250898,732.9748272011844,10.8695652173913,4.225865161050057,6.598474732660183,2.4739775792558096
100.3612517873803,662.5791380137729,6.601941747572815,4.618690885851583,6.497648120229853,2.0284037077611674
0.5895227076777964,921.1292307465568,1562.5,0.463433787317507,6.826685377234128,7.354682176897896
85.11169491429251,99.86438869943656,1.173333333333334,4.455645231643994,4.613776928486345,0.7762620872704522
52.99694553532469,70.00145450698825,1.320858283433134,3.988927480803808,4.262700362845399,0.8419370670193417
294.3938854163293,971.596981572044,3.3003300330033,5.6883096705476675,6.879969794502032,1.458691771615476
0.04433287337977201,8.401079505466797,189.5,0.04337828287392461,2.2408245236893407,5.249652194566756
9.82059450525761,6.230089343457328,0.634390243902439,2.3814512169419633,1.9782513934189871,0.4912697952807715
1135.288552507096,1135.288552507096,1.0,7.035522574515297,7.035522574515297,0.6931471805599453
281.7092925638206,857.2475849266315,3.04302203567681,5.644419134919202,6.754892618382932,1.3969924409719554
2.899119231641465,123.1972443044259,42.49471458773785,1.3607506895897004,4.821870981688222,3.772639426982298
351.3914243351417,1071.315318094944,3.048780487804878,5.86474255873511,6.977575438393995,1.3984157216522355
99.9990355031298,99.9990355031298,1.0,4.615110967321701,4.615110967321701,0.6931471805599453
4.109273809132451,78.07620237351655,19.0,1.6310572824010234,4.370411974558457,2.995732273553991
625.5786602607411,625.5786602607411,1.0,6.440274321539725,6.440274321539725,0.6931471805599453
11.33936839718028,22.04877188340609,1.944444444444444,2.5127948337945796,3.1376124874768254,1.079920155655957
3.228105375292082,10.42926352017442,3.23076923076923,1.4417539908980004,2.4361770418002675,1.442383827770934
100.9105735254145,1019.298722478934,10.1010101010101,4.624095698588622,6.927850728577108,2.4070361042690314
14.59779890579977,376.5808993090375,25.79710144927536,2.747129808518479,5.933784848534911,3.2882937267898655
14.00025410090629,25.00070583585081,1.785732291404084,2.708067141019148,3.258123685185718,1.0245107800744524
335.2875006496195,331.0964068914993,0.9875000000000002,5.817966450792999,5.805425308967048,0.68687756754635
1090.159853773225,1090.159853773225,1.0,6.994996495515425,6.994996495515425,0.6931471805599453
735.1390613650741,878.6522645797698,1.195219123505976,6.601419042953682,6.7795266754917565,0.7862818700211305
90.98047282156158,593.3509097058363,6.521739130434782,4.521576302580861,6.387469902014907,2.017797378568629
453.8852578068264,1361.655773420479,3.0,6.120045206503727,7.217190849118271,1.3862943611198906
0.08999802584975555,55.00040644269739,611.1290322580645,0.08617588509239896,4.025358948614121,6.416943097312306
23.72338532708618,711.7015598125853,30.0,3.2077495701017202,6.5690627631017335,3.4339872044851463
19.1044776119403,212.1393034825871,11.10416666666666,3.000942557019398,5.361945958900575,2.4935497459440197
466.4652634293977,836.8935608586254,1.794117647058824,6.147325043143332,6.7308910767330765,1.0275163669843796
71.9990184487028,318.9037856648895,4.429279628195197,4.290445995149813,5.768020280786326,1.6918064599876215
149.2094256379488,471.1876599093121,3.157894736842105,5.012030491275529,6.1573764911233875,1.4250088733005808
4.010129316636016,2.369953586128382,0.5909918107370337,1.6114617264674527,1.2148989716072252,0.4643576020998092
105.6698691768123,1944.84421797814,18.40490797546012,4.66973873020758,7.57345120711514,2.9655260224988864
1077.146540890767,1077.146540890767,1.0,6.982998679976782,6.982998679976782,0.6931471805599453
4.777996889958388,33.01161487607613,6.909090909090908,1.7540570637881678,3.5267020802816225,2.068012845856213
155.7949874881689,2142.842324996434,13.75424434087883,5.054939139855391,7.670354977040621,2.691530793317173
35.19836794506182,800.9424542600799,22.75510204081632,3.5890140334248364,6.687036852499242,3.1677973301807563
12.04351270251336,78.36764603607287,6.507042253521128,2.568290899249589,4.374090804556294,2.0158415471245292
9.299908836624653,99.99968886220017,10.75276012044162,2.3321350443832807,4.615117436264239,2.464088116871946
99.098207587825,299.9952117217052,3.027251642829532,4.606151779945322,5.707094356721032,1.3930841688242255
56.70901504058503,1269.604814341456,22.38805970149254,4.055413401181367,7.147248297855206,3.1522256229650547
25.50144961836578,85.99927129817918,3.372328733667115,3.277199434075886,4.465899742736508,1.4752957581708521
1131.658478784732,3328.407290543329,2.941176470588236,7.032322784683665,8.110549576304413,1.3714792753347502
6.000688973564777,559.994103108354,93.32163449486089,1.9460085690068791,6.329710394074143,4.5467105853289755
57.60013828433144,345.4986878702642,5.99822670849816,4.07073705638106,5.8478790318125835,1.9456567896051125
1407.406712391747,1407.406712391747,1.0,7.250214353239255,7.250214353239255,0.6931471805599453
99.99940462369239,67.99941653121854,0.679998213860443,4.615114622008958,4.23409804849221,0.5187927302362947
9.798353712358105,80.39850287724005,8.205307262569834,2.3793936884700084,4.399356880667859,2.2197801940920745
1223.366296258538,1223.366296258538,1.0,7.110178679951568,7.110178679951568,0.6931471805599453
1.900746527278588,99.99954600003329,52.61066878980892,1.0649681270642746,4.615116021781981,3.981748092855998
13.31215222002325,754.3552924679843,56.66666666666667,2.661108981981555,6.627188224608445,4.054679305829669
295.1818935426501,737.9547338566252,2.5,5.690973770804702,6.605236665833479,1.252762968495368
188.9941233525418,307.3828949620585,1.626415094339623,5.246993141958688,5.731342176344446,0.9656198343481975
224.9759275757494,674.9277827272482,3.0,5.420428478447593,6.516086240051067,1.3862943611198906
0.5609595639200207,81.50066962712341,145.2879581151832,0.44530073723879426,4.4128064100001,4.9855769951045135
11.00136194745263,0.700807912518016,0.06370192307692307,2.485020138968912,0.5311033808278011,0.06175520418672092
68.14844093404254,1703.711023351063,25.0,4.236255511711155,7.441150887582304,3.258096538021482
18.33049077896616,531.318573303367,28.98550724637681,2.96168368239437,6.277242132118106,3.4007141731482835
464.7097991343913,1040.395072688936,2.238805970149254,6.143562691498525,6.9483165092877375,1.1752047341494936
114.9899752329284,2106.043502434586,18.31501831501831,4.753503766966117,7.653041060214015,2.96088294434551
136.8368787117003,390.9625106048581,2.857142857142857,4.9260709476778874,5.971166199004932,1.349926716949016
1.906112521634377,42.31569798028317,22.2,1.0668162848507714,3.7685151092670623,3.1441522786722644
83.9985606634922,164.8983555929752,1.963109299617368,4.442634322976265,5.1113752851097525,1.0862391560708364
9.608516989459456,304.2697046662161,31.66666666666666,2.361657168064728,5.721195663458464,3.486355190002462
55.76996006870859,345.7737524259933,6.2,4.039007313795186,5.848672556995973,1.9740810260220096
419.4044456871243,998.5820135407721,2.38095238095238,6.041217213844894,6.907337205142219,1.2181574393178922
590.6365807891533,1662.145422043812,2.814159292035398,6.382892562578088,7.416465920976405,1.3387202713914073
164.6049272855645,597.4239746658812,3.629441624365482,5.109604995648396,6.394299490473146,1.532436261336343
212.3632720086838,446.4360266080325,2.102228047182176,5.362996215379922,6.103533570195055,1.1321205782295272
381.4726728989568,1328.090046388961,3.481481481481482,5.946657207312969,7.1922498114134354,1.499953679592412
11.39919295854547,499.9946482662166,43.86228482003129,2.517631386504668,6.2165954189244506,3.803597460029373
4.65397682319542,497.1293424776927,106.8181818181818,1.7323591600757702,6.210859767153041,4.6804463067593
28.77539755827672,83.44865291900248,2.9,3.393682467235407,4.436143691901039,1.3609765531356006
0.179381485241712,0.8802637832479885,4.90721649484536,0.1649901360056538,0.6314120772375887,1.7761747382113566
0.01334138263418929,4.39932092362392,329.75,0.01325317010747468,1.686273190777961,5.801362802995065
50.05706767794174,153.7092680267687,3.070680628272251,3.932943981216754,5.041547665459806,1.4038102160067594
98.27647629694238,1310.353017292565,13.33333333333333,4.597908647689343,7.178814720813303,2.6625878270254524
2.140925212724708,6.422775638174124,3.0,1.1445174102522593,2.0045530624562184,1.3862943611198906
311.8243028766259,560.1634183412441,1.796407185628742,5.745641700271455,6.330012161394574,1.028335445252142
864.7795441856168,1259.387685707209,1.456310679611651,6.763630308239531,7.139174639688778,0.8986605004978847
119.8365429554088,295.5968059566751,2.466666666666667,4.794438747663436,5.692373660787705,1.2431935174792172
12.90567985762997,102.9058157068916,7.973684210526317,2.632297379524142,4.6434848706184955,2.1942963175571313
18.00014556006583,249.9994130642507,13.88874396765358,2.944446640193191,5.52545060073961,2.7006054890515165
1135.288552507096,1135.288552507096,1.0,7.035522574515297,7.035522574515297,0.6931471805599453
671.8804590287297,671.8804590287297,1.0,6.511567689839079,6.511567689839079,0.6931471805599453
580.3509741605637,829.0728202293768,1.428571428571429,6.365354660800087,6.721513432158251,0.887303195000903
396.0746785275863,738.027351293639,1.86335403726708,5.984124370119647,6.605334931486089,1.0519936780121855
375.3683301739832,424.1662130966011,1.13,5.930568265419988,6.052480182107859,0.7561219797213337
307.3613032119256,678.0028747321888,2.205882352941176,5.7312721578498875,6.520625361323208,1.164987357612982
31.39313306607313,32.02099572739458,1.02,3.4779464579301678,3.4971435933188038,0.7030975114131134
297.2731137277751,891.8193411833253,3.0,5.6980095558051485,6.794384254904185,1.3862943611198906
83.49800996409586,178.1290879234045,2.133333333333333,4.436727983365047,5.188106707511958,1.1420974006078484
1.501217939074238,0.8002227820225151,0.5330490405117271,0.9167777888723312,0.5879104250338042,0.4272585892747673
6.76649502324291,14.8862890511344,2.2,2.049818971647694,2.765456413383088,1.1631508098056809
0.9309499376294266,50.00092173261152,53.70957095709571,0.6580120774911554,3.931843705749469,4.002038665915497
459.1728428105993,692.2203660461296,1.507537688442211,6.131602164149009,6.541347937164822,0.9193012710270262
0.1504418830202328,0.9986780319640987,6.638297872340425,0.14014611467607976,0.6924859779957496,2.03317478677822
101.7050151325413,459.240707096277,4.515418502202643,4.631860948580995,6.131749628918096,1.7075475341786412
1018.966360523885,1018.966360523885,1.0,6.927524925855924,6.927524925855924,0.6931471805599453
375.3683301739832,803.2882265723241,2.14,5.930568265419988,6.689957695698103,1.144222799920162
505.8644607517276,972.8162706763992,1.923076923076923,6.22824363205519,6.8812226520464765,1.072636802264849
499.9957670524293,499.9957670524293,1.0,6.216597652052025,6.216597652052025,0.6931471805599453
97.43284311479667,916.2963302331974,9.40438871473354,4.589374519860731,6.821430571889704,2.34222770893513
79.05984665683908,274.5133564473579,3.472222222222222,4.382774438209597,5.618636108170476,1.4978854265283528
3.169974006213149,27.5787738540544,8.7,1.427909802269255,3.352664269343969,2.272125885509337
54.61823614811056,528.5635756268764,9.67741935483871,4.01851113575551,6.272053225117959,2.3681311708919166
4.754376998324082,21.63241534237457,4.55,1.7499607823303085,3.1193831858269188,1.713797927758343
54.08756360489451,257.9560725771892,4.76923076923077,4.008923984783178,5.556658443366085,1.7525387560747738
8.241932416154189,1527.927470994738,185.3846153846154,2.223750999735142,7.332321769221708,5.227812363354989
6.0001840144057,239.9975026616369,39.99835706462212,1.9459364364820386,5.484786571037118,3.7135319943068374
282.2160346324369,871.0371439272743,3.08641975308642,5.646209979681563,6.770832019248659,1.4076692207046242
218.9126880425785,1197.178762732852,5.468750000000001,5.393230595043881,7.08855798518366,1.8669828904656427
208.9943480103129,1265.973873013365,6.0574550702725,5.347080616118669,7.14438655896674,1.9540845148868438
26.20365229001204,346.2625481180162,13.21428571428571,3.3033512396559113,5.850081116670606,2.6542474951092334
138.5839113636418,716.8133346395265,5.172413793103448,4.93866593557525,6.5762095556369795,1.820089975854281
31.79933348597014,50.56094024269252,1.59,3.490408194633942,3.9427644137986735,0.9516578757114464
62.41418050181002,137.5948979244448,2.204545454545454,4.149687503654375,4.931555274566301,1.164570256459907
59.65058015712405,216.5095131628947,3.629629629629629,4.105129201001754,5.382242588252207,1.532476871297972
14.87821398787034,368.0400302262663,24.73684210526316,2.76494798021616,5.910905121154684,3.2479235103084316
11.48117608992892,121.7700494386401,10.60606060606061,2.5242215964762362,4.8103130888858345,2.4515274277141663
743.0506190850075,743.0506190850075,1.0,6.6121090689233,6.6121090689233,0.6931471805599453
202.5853000989551,467.5045386898964,2.307692307692308,5.316085082162928,6.149545789336773,1.1962507582320259
1198.365429554088,1198.365429554088,1.0,7.089547887202531,7.089547887202531,0.6931471805599453
283.7233583766484,567.4467167532969,2.0,5.651518036498516,6.34290758277041,1.0986122886681098
41.00207464251456,363.0066700872243,8.853373231773666,3.73771901331376,5.897172191884302,2.287813856636474
54.64029956265458,875.3599011568132,16.02040816326531,4.018907750984936,6.775776852631676,2.8344131042481204
15.00211925848261,68.00031231177638,4.532713754646839,2.7727211671237333,4.234111030844645,1.7106784283732734
5.099835626485747,99.99934512544121,19.6083467094703,1.8082618243384563,4.615114032913716,3.02569617380363
99.99941086714465,6.000318131741889,0.06000353481795687,4.61511468382568,1.9459555954143104,0.05827224285233714
81.77812912085105,1703.711023351063,20.83333333333333,4.416163885447299,7.441150887582304,3.083437853973096
11.20488896560705,13.32473282396514,1.189189189189189,2.501836606352255,2.661987611394769,0.7835312420282142
253.1997674841572,1176.843989715097,4.647887323943662,5.538120444058465,7.071440918866414,1.7312815502652539
64.00160617484998,362.5047404466059,5.663994423143953,4.174411979972648,5.8957923380071255,1.896719068001039
99.9990355031298,99.9990355031298,1.0,4.615110967321701,4.615110967321701,0.6931471805599453
219.6633370329264,693.6736958934517,3.157894736842106,5.396638178180405,6.543442233002492,1.4250088733005812
7.002247277707584,99.9990355031298,14.28099173553719,2.0797224119455375,4.615110967321701,2.726609685790384
58.91575047681815,798.3583475629849,13.55084745762712,4.0929394167477335,6.683809340294992,2.6776492364318107
6.827880512091038,682.7880512091037,99.99999999999999,2.057691785249094,6.527648002950602,4.61512051684126
1.702336975916513,67.99702934963976,39.94334277620397,0.9941169452765469,4.234063450766685,3.7121892275155455
72.26826357794249,99.99890522535937,1.38371811185845,4.29412754894117,4.615109677429635,0.8686615005418927
9.999631463213888,250.0030711398843,25.0012285012285,2.397861768892929,5.5254651746739984,3.2581437869524836
99.99745132021613,99.99745132021613,1.0,4.61509528206956,4.61509528206956,0.6931471805599453
942.290960602815,942.290960602815,1.0,6.849374782871437,6.849374782871437,0.6931471805599453
34.99832915898796,293.6974553587676,8.391756475704293,3.583472525128694,5.685949255022853,2.239832333842457
26.00261811257884,499.9867772091978,19.22832443427409,3.2959338284358703,6.216579707940556,3.007083821959695
43.25004423299978,264.2184520415987,6.109090909090908,3.789856371069253,5.580553833725364,1.9613743747528947
99.99917869198487,52.99900621730168,0.5299944150596274,4.615112385045671,3.988965643011628,0.4252640851098566
356.0559842735994,1070.30856996072,3.006012024048096,5.877892588178429,6.976636142826472,1.3877962387488814
7.132311510837547,102.7052857560607,14.4,2.095845201825029,4.641553085547473,2.7343675094195836
255.9283236899541,511.8566473799082,2.0,5.548797149848418,6.239996366314945,1.0986122886681098
184.0067469140535,460.0168672851338,2.5,5.220392294219012,6.1334346307983125,1.252762968495368
48.12125085865209,292.0335452872398,6.068702290076336,3.8942917488780884,5.680287091498646,1.9556769114450279
17.46052354708297,2238.528659882433,128.2051282051282,2.915634589836294,7.714020703012413,4.861401282550951
13.75584145628508,573.160060678545,41.66666666666666,2.691639035320858,6.352908208804103,3.7534179752515073
86.2932348718807,298.6268915869326,3.460606060606061,4.469272966966319,5.702538005915872,1.4952846448282957
6.899599176084172,100.0006958748539,14.49369641956631,2.0668120209812653,4.615127406667563,2.7404332585987765
37.48381380767396,195.8070553449822,5.223776223776224,3.6502377323123314,5.282223834305739,1.8283768324662784
1019.174061340689,1019.174061340689,1.0,6.9277285400927635,6.9277285400927635,0.6931471805599453
11.58220972586108,168.9405073806633,14.58620689655172,2.532283889730986,5.135448419216833,2.746386349845757
27.00066928004589,33.99942633138924,1.259206798866856,3.332228412748317,3.5553316708233513,0.815013777725703
110.5227616101398,118.8119687309003,1.075,4.714228710067692,4.785923586625143,0.7299611536826616
1012.398507049668,1113.638357754635,1.1,6.921064819831397,7.016285288462755,0.7419373447293773
0.1088302983550621,0.8002227820225151,7.352941176470588,0.10330567443646797,0.5879104250338042,2.1226137135450447
171.2696146248715,1109.738323703271,6.479481641468682,5.149060776414338,7.012780229677282,2.012163490316188
218.6301566252106,1536.04325497806,7.02576112412178,5.391945025458541,7.33761588561369,2.082656508645984
810.0379907817677,810.0379907817677,1.0,6.698314897385411,6.698314897385411,0.6931471805599453
16.70232197812351,121.536045032303,7.276595744680852,2.873695816180475,4.808405231864821,2.1134317419083875
99.99999999999999,99.99999999999999,1.0,4.61512051684126,4.61512051684126,0.6931471805599453
27.81402614982025,198.6385034199663,7.141666666666667,3.3608622876775747,5.2965082481796335,2.0969949092607365
7.830638940984389,102.5813701268955,13.1,2.178227372245375,4.640357488624957,2.6461747973841225
359.2302414386453,549.6222694011273,1.53,5.886743386570897,6.311049037588254,0.9282193027394289
736.2107722360192,736.2107722360192,1.0,6.602873838054643,6.602873838054643,0.6931471805599453
69.12081562562439,540.0063720751905,7.812499999999999,4.250219691839697,6.293431057104642,2.176171168138387
813.9229464659206,972.8162706763992,1.195219123505976,6.703093564557682,6.8812226520464765,0.7862818700211305
31.69541969489989,140.0937550514575,4.42,3.487234997600062,4.9494245988534935,1.6900958154515549
3.241396523278089,20.74493774897977,6.400000000000001,1.444892583711567,3.0793809832715224,2.0014800002101243
25.89827607562296,305.1492528910358,11.78260869565217,3.2920621981461036,5.724072737584667,2.5480855514095317
28.1726934887783,34.31946297723903,1.218181818181818,3.373233117250585,3.5644341711252383,0.7966878595007856
4.27106319135169,3.078862977561512,0.720865704772475,1.6622320862951734,1.4058182676068163,0.5428274809321658
100.0004516936253,100.0004516936253,1.0,4.615124989045371,4.615124989045371,0.6931471805599453
18.65491294091311,508.7703529339938,27.27272727272727,2.9783273295031956,6.233960335943404,3.3418976393808637
4.437963608698409,50.08558929816776,11.28571428571429,1.693404654150081,3.93350244761682,2.5084371471981948
0.2751039603386964,0.8108327252087895,2.947368421052632,0.2430277128069327,0.5937868086544865,1.37304913436987
27.61300622798804,78.82258141443859,2.854545454545454,3.3538613776687196,4.379806439544134,1.3492530894395414
96.19873526956867,141.468728337601,1.470588235294117,4.57675769975179,4.959122525363524,0.904456274227152
100.0965883228048,499.9833468408957,4.995008873114463,4.616076379886357,6.216572860693877,1.7909272685641975
100.0011153992014,68.00031231177638,0.6799955384529585,4.615131560336729,4.234111030844645,0.5187911377288783
954.1711592225414,954.1711592225414,1.0,6.861890548738768,6.861890548738768,0.6931471805599453
3.388437588899074,30.49909915605145,9.000932835820894,1.4789732614379307,3.4499589472020618,2.3026783722254924
35.48960968210803,248.6533162440691,7.006369426751593,3.597027553819704,5.520073220431671,2.0802374032419393
63.9005870016689,181.1649620845187,2.835106382978723,4.172856668378985,5.204912661637652,1.3441971744549999
840.9990395790968,630.7492796843227,0.7500000000000001,6.735778873599274,6.448492606076633,0.5596157879354228
119.680146864133,370.6907203756332,3.097345132743363,4.793143631261723,5.91806211163142,1.4103392353738937
13.70003219070101,6.599919110546169,0.4817447885287385,2.687849683625899,2.0281376038864565,0.3932203045739993
1309.128992843428,1309.128992843428,1.0,7.17788087916697,7.17788087916697,0.6931471805599453
0.960267338427018,960.2673384270181,1000.0,0.6730808610978213,6.868252558032494,6.90875477931522
4.212087004869173,2106.043502434586,499.9999999999999,1.6509803523061495,7.653041060214015,6.2166061010848646
6.815865972811511,12.6093520497013,1.85,2.0561557667955435,2.610757207131918,1.0473189942805592
126.0519553276742,913.4199661425666,7.246376811594203,4.844596099869501,6.818289947481243,2.1097739295290716
31.04127972849227,1122.659616847137,36.16666666666666,3.4670250629909125,7.024346152604238,3.6154123022320634
1189.352912725283,1189.352912725283,1.0,7.082005107454139,7.082005107454139,0.6931471805599453
7.887633359430688,40.02243593488905,5.074074074074074,2.1846608002973085,3.7141191349593012,1.8040295618198694
314.1680359156899,788.5617701483816,2.51,5.753105943944571,6.671478070215104,1.2556160374777743
20.64096366837558,882.0924644604947,42.73504273504274,3.074587984797101,6.7834299113848955,3.7781496740073357
1189.352912725283,1189.352912725283,1.0,7.082005107454139,7.082005107454139,0.6931471805599453
0.2113575587895645,99.9996936846974,473.1304347826086,0.1917416801066336,4.615117484011882,6.161482462706579
3.000561825029652,479.99694811095,159.9690245030051,1.386434807514247,6.1758609252019525,5.081211952083015
647.1034356015604,417.3817159630064,0.6449999999999999,6.474050306455818,6.0363942118986325,0.4977403842173352
7.099966819250542,370.1972649072545,52.14070351758794,2.091859965281181,5.916733632639357,3.9729431791899863
752.8929913191438,752.8929913191438,1.0,6.625250436608776,6.625250436608776,0.6931471805599453
5.191050628716093,195.6626775439143,37.69230769230769,1.8231048022965974,5.281489964350927,3.6556408126382025
6.331696472541544,23.21622039931899,3.666666666666667,1.992206931485739,3.1870226730704263,1.540445040947149
1.363036846093095,233.7207297859631,171.4705882352941,0.8599475910129929,5.4583964235665725,5.150226718950326
8.888568580111228,15.13458974451371,1.702702702702703,2.2913794010960586,2.780965398748298,0.994252273343867
1254.18584525855,1254.18584525855,1.0,7.135038924473904,7.135038924473904,0.6931471805599453
705.2932256585675,705.2932256585675,1.0,6.560030485060041,6.560030485060041,0.6931471805599453
538.006578027094,538.006578027094,1.0,6.289727774966427,6.289727774966427,0.6931471805599453
23.09841594959536,278.294168067414,12.04819277108434,3.1821461101038566,5.6322655922011355,2.5686496392043927
0.5215928807894148,6.901347980513006,13.23129251700681,0.4197577340318859,2.0670333753619414,2.655443238406078
28.80419389063048,156.0227169075817,5.416666666666665,3.3946491181940917,5.0563904885600515,1.8588987720656833
298.2144410343071,546.726475229563,1.833333333333333,5.701160510424575,6.305776029547009,1.041453874828161
0.05121425804944096,99.99903973266157,1952.5625,0.049945932249680317,4.615111009198651,7.577409907840512
76.82978361440229,1646.352506022906,21.42857142857143,4.354524180733618,7.4069247364344735,3.1103356562929947
1.399644110592985,100.000703338749,71.44723618090451,0.8753204391053354,4.615127480567002,4.282858520087411
41.69997002697571,299.9987511239884,7.194219826295298,3.75419821828997,5.707106115650529,2.1034290064796504
146.8004834629255,133.5884399512622,0.91,4.995863279570494,4.9022215290592115,0.6471032420585384
107.1315318094944,139.2709913523427,1.3,4.683348373226237,4.94357620416467,0.832909122935104
0.2004515434768848,19.99943732900077,99.7719298245614,0.18269777224678285,3.044495643507355,4.61285984289351
486.8425723544417,760.6915193038152,1.5625,6.189992756172996,6.635541643410781,0.9409833444645266
99.99999999999999,99.99999999999999,1.0,4.61512051684126,4.61512051684126,0.6931471805599453
58.06493236510656,716.8510168531674,12.34567901234568,4.078637387307245,6.576262050098669,2.5911926629667694
580.7459488130521,580.7459488130521,1.0,6.366033838364517,6.366033838364517,0.6931471805599453
399.6471040665978,1131.076709622447,2.830188679245283,5.993081000110094,7.031809021151346,1.3429140654896654
935.0338482253057,935.0338482253057,1.0,6.841651638457614,6.841651638457614,0.6931471805599453
151.4224816977111,556.0189046427579,3.671970624235006,5.0266561500743965,6.322599179464003,1.5415809578852269
24.3580067962832,805.411470624643,33.06557377049181,3.2330945301190965,6.6925941217008615,3.528287307485862
8.70156300545844,1.101515505161563,0.1265882352941177,2.272287007111899,0.742658753575984,0.1191938047594013
268.7955272424267,895.985090808089,3.333333333333334,5.597664365587412,6.799039240747964,1.4663370687934272
1254.18584525855,1254.18584525855,1.0,7.135038924473904,7.135038924473904,0.6931471805599453
112.1851803376774,166.7819681020137,1.486666666666667,4.729025241453969,5.122665327603335,0.91094312554756
878.8375908132176,878.8375908132176,1.0,6.779737334545646,6.779737334545646,0.6931471805599453
45.00690034704373,2216.216562112722,49.24170616113744,3.828791392783517,7.704007887350297,3.916845481797031
1.748194988674194,15.48401275682857,8.857142857142858,1.0109443284200217,2.802390987367837,2.2881963555419462
67.0020300265465,335.0045731367256,4.999916763775595,4.219537558062071,5.817124770396551,1.7917455964277607
53.33418668032022,106.6683733606404,2.0,3.995153617788083,4.679055886075726,1.0986122886681098
55.26992287917738,1285.3470437018,23.25581395348837,4.030160162894708,7.159561731300761,3.18865633930721
231.8620004934499,891.7769249748073,3.846153846153846,5.450446005542722,6.7943367456107016,1.5781853689299958
288.6611032050042,447.7133710709616,1.551,5.668711629985924,6.106384312116637,0.9364854391596743
0.4399831103257649,8.100656781239687,18.41129032258064,0.36463138457868366,2.2083465846810064,2.965854872178035
225.3106470546266,1239.208558800446,5.500000000000001,5.421908599940291,7.123034837037301,1.8718021769015916
89.47451616655383,184.9140000775446,2.066666666666667,4.505068221732317,5.225284201614973,1.120591195386885
0.2110016247125103,105.5008123562551,499.9999999999999,0.19144780619888288,4.668152612878653,6.2166061010848646
963.3818556661304,963.3818556661304,1.0,6.871487332013614,6.871487332013614,0.6931471805599453
103.6530800512737,201.086975299471,1.94,4.650650880386979,5.308698175521662,1.0784095813505903
330.356210174449,1305.75577144051,3.952569169960474,5.803193960397082,7.175302834220362,1.599906466168548
284.6788680029492,854.0366040088477,3.0,5.654868340813168,6.75114427972662,1.3862943611198906
19.44593594450652,470.1853168671726,24.17910447761194,3.017784131419151,6.155251470704092,3.226014463155002
15.72816791515424,43.17536290434498,2.745098039215686,2.8170940000454787,3.788167233324138,1.320447795322304
127.9500819406346,841.3156072808854,6.575342465753425,4.859425367772166,6.736154774510788,2.0248985603739436
96.52540709590443,127.7352887235802,1.323333333333333,4.580112929656291,4.857758270674283,0.8430029361043226
21.05647346182461,113.8609305713479,5.407407407407407,3.0936061398415053,4.743722097191141,1.85745472849345
22.86852183152232,527.7351191889767,23.07692307692308,3.172560512648688,6.270487586586634,3.1812538330786166
31.35677872135461,969.7972800418952,30.9278350515464,3.476823542159783,6.878117672078739,3.46347820146982
21.15023434459654,2115.023434459654,99.99999999999999,3.09784807632667,7.657293867803279,4.61512051684126
5.799377932196691,57.99898055778054,10.00089686098655,1.9168311274381493,4.0775201650747555,2.3979768022917103
262.2066563032607,936.4523439402169,3.571428571428572,5.572939489037384,6.843165923422084,1.5198257537444133
134.6532946968146,143.9443720308949,1.069,4.910102327028303,4.976350027645233,0.7270653987634059
12.67147472840306,199.99926817934,15.7834247762056,2.6153115255611294,5.303301267153642,2.8203917789149218
14.8352132330102,122.8541095858657,8.28125,2.7622361458304847,4.819104337345826,2.2279962360029733
15.35979427457628,3039.683222158069,197.8986936816849,2.794826756191886,8.019837513280033,5.292795618124356
10.63644626660736,79.0481347541047,7.431818181818182,2.4541420921326043,4.382628138160691,2.132012428689174
24.61584797252292,605.2602619126225,24.58823529411765,3.243211221372714,6.407309368974617,3.242132687032468
2.492675369299443,16.68175054838858,6.692307692307691,1.2506680240019994,2.872533065225948,2.0402208285265546
67.35548879878222,187.2482588606146,2.78,4.224721864243945,5.23776161755683,1.3297240096314962
32.11272852220434,58.76629319563395,1.83,3.499917755962198,4.090441843105282,1.0402767116551463
69.15074585994485,301.4972519493595,4.359999999999999,4.250646438850391,5.712072192964705,1.6789639750827106
63.99830748277732,283.9924894548244,4.4375,4.174361230830121,5.65246282713132,1.6933193964148026
24.46674724382092,79.27226106997978,3.239999999999999,3.237373571523741,4.385424120053478,1.4445632692438661
21.00104669139888,0.7009951570517231,0.03337905807041609,3.091090029108339,0.5312134662913431,0.032834071589563724
37.32400383133147,2248.43396574286,60.24096385542169,3.6460764317607404,7.718433892768278,4.114816309650305
0.4284836529444103,36.99915920188857,86.34905660377359,0.3566134991121249,3.637564033215506,4.46991223633598
1113.476780634952,1113.476780634952,1.0,7.016140318723702,7.016140318723702,0.6931471805599453
43.10108091833392,253.7990954298363,5.888462424195901,3.786484292772237,5.540475373573325,1.9298478996274953
11.61382858569699,290.3457146424248,25.0,2.5347937189384857,5.674510584857003,3.258096538021482
889.7812050831603,977.781544047429,1.098901098901099,6.792098836241858,6.8863084756974775,0.7414139215297799
31.20728502861708,238.7357304689207,7.649999999999999,3.472192670086,5.479537193614451,2.157559320943788
151.1318461083549,985.6424746197063,6.521739130434783,5.024747553472432,6.894307739382888,2.017797378568629
740.8565948584552,1371.956657145287,1.851851851851852,6.609155956103808,7.224721837276456,1.0479685558493548
120.7214395773718,1031.807175874972,8.547008547008549,4.801735151917194,6.940035787489484,2.2562278642714446
348.3948365255832,493.0115611211083,1.415094339622642,5.8562026194727945,6.202558919993241,0.8817383503674956
148.6830130593871,561.7746085367269,3.778337531486146,5.008519811769823,6.3328792079053455,1.5640926892478237
31.99993410566979,33.99941518781943,1.062483912483912,3.4965055646666015,3.555331352430373,0.7239110391884785
2.198936157144086,100.0004094853179,45.47672253258844,1.1628183036391588,4.615124571143119,3.8389515965589345
2.391065672683275,131.3645718968161,54.93975903614458,1.2211442297160022,4.885560023835053,4.024275380223324
29.66002199784965,12.35834249910402,0.4166666666666667,3.422959590920568,2.592141095973549,0.34830669426821576
35.39151867534602,1263.982809833786,35.71428571428571,3.5943357440686197,7.1428138120050875,3.603165935839906
13.49177170573097,1686.471463216371,125.0,2.6735810197850234,7.430986511917102,4.836281906951478
8.760235102809574,9.033992449772372,1.03125,2.2783164885375005,2.305978573597394,0.7086513670959106
985.6424746197063,985.6424746197063,1.0,6.894307739382888,6.894307739382888,0.6931471805599453
626.0971560131085,1307.671275217252,2.088607594936708,6.441101482397738,7.176767607723929,1.12772037282618
126.8906954864545,723.7111909873834,5.70342205323194,4.851175957591788,6.585773218230562,1.9026181502201058
198.4588642678237,513.255683451268,2.586206896551724,5.295608020922735,6.2427205803947325,1.2770950691548986
4.940994816367045,199.9968488553467,40.47704081632653,1.7818765968546317,5.303289230599601,3.7251400408050923
0.003516693745208505,19.99943732900077,5686.999999999999,0.0035105246367724435,3.044495643507355,8.646113971483077
58.01119540732147,1883.48037036758,32.46753246753246,4.077727178571425,7.541407396291878,3.510575788798681
586.5561334219685,586.5561334219685,1.0,6.375971787704221,6.375971787704221,0.6931471805599453
20.39698002922552,402.7642474427667,19.74626865671642,3.063249791939775,6.000831161698209,3.0323664067337717
0.7718312468161961,5.402818727713373,7.000000000000001,0.5720136144742184,1.8567383196116873,2.0794415416798357
12.89872596527243,29.19954801158601,2.263754427390791,2.631797178761225,3.4078269577650504,1.1828781975651848
2.899087858010583,2.899087858010583,1.0,1.3607426432194203,1.3607426432194203,0.6931471805599453
1049.489738089341,1259.387685707209,1.2,6.957011751640808,7.139174639688778,0.7884573603642702
1199.174967622276,1199.174967622276,1.0,7.090222631499275,7.090222631499275,0.6931471805599453
105.0872749818725,139.0654938926779,1.323333333333333,4.664262104231899,4.942110126737803,0.8430029361043226
21.91009266508525,71.57296937261181,3.266666666666667,3.131577541201233,4.28459252981015,1.4508328822574619
44.00249849421107,200.0022307984028,4.545247148288974,3.8067180103226046,5.303316006497004,1.7129411911866887
28.95831161459962,30.6958103114756,1.06,3.3998068024081523,3.456184505318007,0.7227059828014898
19.1214241024786,36.10124870547959,1.888,3.0017851231680033,3.613650626876616,1.0605642210305797
32.58292729513016,561.7746085367269,17.24137931034483,3.5140178216180042,6.3328792079053455,2.9036926018718257
43.33938640096734,1300.18159202902,30.0,3.791873365593706,7.171028047580146,3.4339872044851463
44.06930572856006,1837.869923598214,41.70408163265306,3.808201432291921,7.516906489964684,3.7542945042530036
6.453803394700585,30.0242157927375,4.652173913043478,2.0087244248976526,3.4347680541471184,1.7320402345264325
0.08589494217330829,71.2013654525001,828.9354838709678,0.08240447850200261,4.279458957804438,6.721347967493546
58.42435360755778,876.3653041133666,15.0,4.0847041357375025,6.776923443971847,2.772588722239781
34.42470066158015,95.13735455563969,2.763636363636363,3.5674093356209347,4.565777945503491,1.3253856080328978
28.00209695049858,500.0055769960069,17.85600477992432,3.3673681360102123,6.216617232751465,2.9368314191299962
1.945096411945485,47.97904482798864,24.66666666666667,1.0801415540704011,3.8913925500678146,3.2451931331855746
1.128846544600727,5.76966011684816,5.111111111111111,0.7555803046854307,1.9124508813578727,1.8101086078962514
19.68675559455408,40.21722928601762,2.042857142857143,3.029493669145048,3.7188563554936795,1.1127969236600663
63.29335356176191,954.1711592225414,15.07537688442211,4.163456259831912,6.861890548738768,2.7772887152250254
95.25914297254249,209.5701145395935,2.2,4.567043960578966,5.349818683360492,1.1631508098056809
52.54612235890053,188.1151180448639,3.58,3.980543382673415,5.242355919823969,1.5216989981260935
6.453400752390604,706.0779646733249,109.4117647058823,2.008670405068568,6.561140935167931,4.704216692530292
669.0648926039337,479.4965063661524,0.7166666666666666,6.507374562327642,6.174819957553847,0.540384426007535
3.099346255708164,3.801043527227614,1.226401703335699,1.41082751116951,1.5688332957913154,0.800386696291998
207.9735425030635,611.6868897148927,2.941176470588235,5.342207653057074,6.417854021942523,1.37147927533475
12.80051103767674,250.0030711398843,19.53071017274472,2.6247056231932078,5.5254651746739984,3.021921822383101
31.9547966432247,507.2189943368999,15.87301587301587,3.4951368237444727,6.2309124458997305,2.825715651950415
3.200851155913009,3.500649186713312,1.093661971830986,1.435287160927099,1.5042216500853347,0.7389146724027913
129.7712565318199,176.9214797383812,1.363333333333333,4.873449663588466,5.181342327902527,0.8600730518759263
39.99892949617183,299.9953165457518,7.500083635349877,3.7135459565139723,5.707094704979158,2.1400760029007904
399.4551431846961,621.1527476522024,1.555,5.992601758200003,6.433185637594115,0.9380522236556678
177.7743013025523,533.322903907657,3.0,5.186124123676521,6.28100034517514,1.3862943611198906
4.428858441605501,99.9995973765053,22.57909090909091,1.6917288800955257,4.615116530462079,3.160360340892353
204.493108223493,377.8936970679754,1.847953216374269,5.325412496748586,5.937255683069556,1.04660056657993
683.0489563773913,816.3931749530573,1.195219123505976,6.528029488712436,6.7061202213926725,0.7862818700211305
7.607937614911558,1584.987003106575,208.3333333333334,2.1526847560548252,7.368962207398653,5.343927877800089
67.0020300265465,335.205344992973,5.002913267854169,4.219537558062071,5.817722119102075,1.792244896031759
381.248315914394,687.9668858605606,1.804511278195489,5.946070439081727,6.535193208698395,1.031229291422062
598.1433630012442,598.1433630012442,1.0,6.395500906709655,6.395500906709655,0.6931471805599453
45.10721017274987,300.7147344849992,6.666666666666667,3.8309693406525542,5.709481983172665,2.03688192726104
1254.201575277179,1254.201575277179,1.0,7.135051456418974,7.135051456418974,0.6931471805599453
826.4257910960885,826.4257910960885,1.0,6.718319424796137,6.718319424796137,0.6931471805599453
89.39120701448914,46.63889061625521,0.5217391304347827,4.5041469951285,3.8636494574035143,0.41985384556026406
756.6240704642264,866.3634394628548,1.145038167938931,6.6301873133632245,6.7654580809428015,0.7631573461325941
17.99975910386638,29.99959850644397,1.666666666666667,2.9444263003421898,3.4339742529962427,0.9808292530117263
60.39727061470374,299.99555956839,4.967038353142997,4.117365381635799,5.707095512375575,1.7862507160612686
643.150073394773,1286.300146789546,2.0,6.467931732178027,7.160302394694593,1.0986122886681098
13.83891502906172,145.6381057820305,10.52380952380952,2.6972531238172666,4.987967685976868,2.4444152884332633
12.44357967850315,50.62274460118326,4.068181818181817,2.5985016447581595,3.9439623622141706,1.6229821375418574
221.9967017632881,528.5635756268764,2.380952380952381,5.4071569810515845,6.272053225117959,1.2181574393178924
8.287201246395067,66.29760997116054,8.0,2.2286372422473684,4.209124722961542,2.1972245773362196
98.52863899106673,178.0084077771939,1.806666666666667,4.6004454318056585,5.187432775559973,1.0319975395861258
141.6602322072439,74.37998965763953,0.5250590691452788,4.960465804545496,4.322541850636002,0.42203314317499474
7.107371054520643,579.2507409434324,81.50000000000001,2.092773654604236,6.363460322092004,4.412798293340636
1297.501326989993,1297.501326989993,1.0,7.168966053042976,7.168966053042976,0.6931471805599453
8.20199091761565,1.101515505161563,0.1342985521717424,2.2194198647316647,0.742658753575984,0.12601444417522376
309.1591489466948,627.5930723617904,2.03,5.737085549441882,6.443484103561075,1.1085626195212777
454.2926285196758,704.7360006523176,1.551282051282051,6.120940351828989,6.559241230808369,0.9365959980349006
13.20311758614003,81.28169263967453,6.156249999999998,2.65346148882973,4.410148636275575,1.9679861007545127
0.2004515434768848,19.99943732900077,99.7719298245614,0.18269777224678285,3.044495643507355,4.61285984289351
73.82408774520144,258.6618412726607,3.503759398496241,4.315139861819489,5.559380173997856,1.5049124698936958
243.7276684523781,731.1830053571342,3.0,5.5001460349694575,6.596030490033179,1.3862943611198906
23.96644697423607,149.6366625186278,6.243589743589745,3.217532802386552,5.014870728757127,1.9801169044568494
85.05123324288202,1012.514681462881,11.90476190476191,4.454942854255978,6.921179451690323,2.5575963831562785
8.499794602212953,26.70171231618568,3.141453831041257,2.2512701775530726,3.321494227751531,1.4210468931107303
35.87399182384934,142.4041501529324,3.969565217391304,3.607506473916042,4.965666868841103,1.6033323548716152
38.92367574885767,1269.250296158403,32.60869565217392,3.686969525081552,7.146969243623511,3.5147848326582727
2200.501845794086,3284.331113125501,1.492537313432836,7.696895063621115,8.097222721311184,0.9133011930257892
522.1014234225141,522.1014234225141,1.0,6.259775371501737,6.259775371501737,0.6931471805599453
12.20775724718204,108.9307569748551,8.923076923076923,2.5808043272228547,4.699850685538638,2.294863046900135
4.893349448764185,37.67879075548422,7.7,1.7738245030564586,3.65529140731161,2.163323025660538
5.818723488441106,38.20961757409659,6.566666666666666,1.9196722825537174,3.668922062981915,2.0237526358192475
7.426753642203766,2062.987122834379,277.7777777777777,2.131411602021336,7.632394887645159,5.630414969030203
30.04864918625296,189.3911339556084,6.30281690140845,3.4355553029646373,5.249080555913865,1.9882601506282664
303.4630489111032,244.6216298411943,0.8061002178649236,5.7185497297408014,5.503792261781077,0.5911699450747496
819.1692122921073,979.0867079188532,1.195219123505976,6.709510675423524,6.887641045218935,0.7862818700211305
23.37804206772406,54.61960737640985,2.336363636363636,3.193682811875115,4.018535789744763,1.2048814822621539
143.9713011903484,1988.553883844591,13.81215469613259,4.976535800006084,7.595665713614109,2.695448106970133
1077.427534019775,1077.427534019775,1.0,6.983259272120466,6.983259272120466,0.6931471805599453
24.00007239294893,299.9945705288305,12.49973606816982,3.2188787205819653,5.707092226475989,2.602670134747331
153.7950963647696,485.6687253624303,3.157894736842106,5.042102283423722,6.1875836562221,1.4250088733005812
114.9899752329284,2106.043502434586,18.31501831501831,4.753503766966117,7.653041060214015,2.96088294434551
